action	min_reward	mean_reward	max_reward
0	0.0	1.21783762881381	6.564312482579681
1	0.0	0.31673397379225493	1.472737048004277
2	0.0	0.069249644482071	0.4416977351221908
