action	min_reward	mean_reward	max_reward
0	0.0	1.2182358958861745	6.564312482579681
1	0.0	0.04612106087179955	0.30838517801800536
2	0.0	0.1300990812433864	0.9584644009640338
