strategy	regret
uniform	683.230546451098
just-0	0.0
just-1	901.103655021555
just-2	1148.5879843317389
actual	37.79555316338087
