strategy	regret
uniform	753.4172165523878
just-0	0.0
just-1	1172.114835014375
just-2	1088.1368146427883
actual	28.211156610529088
